{
    "rmse": 0.8042383432528298,
    "mae": 0.6564677006259039,
    "r2": 0.010262412372794238
}